City_ID,City,Lat,Lng,Max Temp,Humidity,Cloudiness,Wind Speed,Country,Date
0,vilyuysk,63.7553,121.6247,288.16,89,100,2.48,RU,1689163333
1,hithadhoo,-0.6,73.0833,301.4,72,99,3.44,MV,1689163334
2,port-aux-francais,-49.35,70.2167,277.12,72,100,8.0,TF,1689163336
3,tura,25.5198,90.2201,298.53,94,100,2.05,IN,1689163339
4,yellowknife,62.456,-114.3525,286.44,82,75,0.0,CA,1689162795
5,blackmans bay,-43.0167,147.3167,288.22,70,89,4.27,AU,1689163346
6,anadyr,64.75,177.4833,286.43,87,40,2.0,RU,1689163348
7,namibe,-15.1961,12.1522,303.82,21,0,4.46,AO,1689163352
8,port lincoln,-34.7333,135.8667,285.35,71,44,4.79,AU,1689163353
9,ushuaia,-54.8,-68.3,275.96,60,0,3.09,AR,1689163355
10,mahmudabad,27.3,81.1167,307.63,55,80,2.33,IN,1689163356
11,qarazhal,48.0078,70.7903,311.05,14,6,4.98,KZ,1689163357
12,longyearbyen,78.2186,15.6401,283.06,76,75,3.6,SJ,1689163359
13,port maria,18.3685,-76.8895,302.13,93,6,3.72,JM,1689163360
14,quatre cocos,-20.2078,57.7625,298.21,66,21,2.68,MU,1689163362
15,port mathurin,-19.6833,63.4167,296.88,77,11,4.76,MU,1689163364
16,nikolayevsk,50.0282,45.4595,296.6,38,57,5.32,RU,1689163366
17,badger,64.8,-147.5333,288.08,91,100,2.57,US,1689163083
18,murudeshwara,14.0943,74.4845,299.61,85,100,2.12,IN,1689163369
19,kapoeta,4.7717,33.5903,304.46,41,79,0.58,SS,1689163370
20,quellon,-43.1167,-73.6167,275.28,87,13,1.42,CL,1689163372
21,jamestown,42.097,-79.2353,291.95,100,100,0.0,US,1689163285
22,forster,-32.1667,152.5167,285.55,88,0,2.87,AU,1689163374
23,papatowai,-46.5619,169.4708,279.59,88,92,7.95,NZ,1689163376
24,kone,-21.0595,164.8658,290.64,67,26,2.44,NC,1689163378
25,lepsy,46.235,78.9456,309.37,18,0,6.51,KZ,1689163381
26,puerto madero,14.7208,-92.4215,299.53,79,96,2.61,MX,1689163388
27,el granada,37.5027,-122.4694,288.73,92,100,4.12,US,1689163394
28,saipan,15.1355,145.701,301.54,100,20,5.14,MP,1689163400
29,hawaiian paradise park,19.5933,-154.9731,296.5,93,100,2.06,US,1689163403
30,okha,53.5739,142.9478,282.68,94,11,4.2,RU,1689163346
31,port elizabeth,-33.918,25.5701,293.76,59,0,4.12,ZA,1689163271
32,bethel,41.3712,-73.414,298.35,82,0,0.0,US,1689163408
33,diamantino,-14.4086,-56.4461,298.31,37,0,2.71,BR,1689163409
34,hamilton,39.1834,-84.5333,295.77,86,0,2.06,US,1689163411
35,udachny,66.4167,112.4,288.4,47,75,5.4,RU,1689163416
36,edinburgh of the seven seas,-37.0676,-12.3116,287.6,88,57,4.94,SH,1689163417
37,invercargill,-46.4,168.35,279.46,93,98,5.61,NZ,1689163335
38,puerto natales,-51.7236,-72.4875,267.4,86,40,2.57,CL,1689163420
39,lata,40.1629,-8.3327,301.75,49,85,4.11,PT,1689163163
40,saldanha,-33.0117,17.9442,296.18,41,0,1.94,ZA,1689163425
41,waitangi,-43.9535,-176.5597,283.69,80,95,6.04,NZ,1689163426
42,bilibino,68.0546,166.4372,287.9,60,54,0.57,RU,1689163427
43,volzhskiy,48.7858,44.7797,298.88,28,66,8.17,RU,1689163155
44,cururupu,-1.8283,-44.8683,301.35,76,10,2.32,BR,1689163430
45,grytviken,-54.2811,-36.5092,267.58,83,38,2.9,GS,1689163432
46,ketchikan,55.3422,-131.6461,283.41,87,0,1.54,US,1689163433
47,ribeira grande,38.5167,-28.7,295.37,100,75,9.77,PT,1689163434
48,whitehorse,60.7161,-135.0538,284.71,72,100,3.09,CA,1689163393
49,mount gambier,-37.8333,140.7667,283.07,77,99,4.21,AU,1689163399
50,coquimbo,-29.9533,-71.3436,287.06,71,49,0.67,CL,1689163356
51,buta,2.7858,24.73,304.31,50,77,1.58,CD,1689163441
52,cidreira,-30.1811,-50.2056,289.72,96,100,10.08,BR,1689163319
53,'ali sabieh,11.1558,42.7125,316.22,21,21,4.64,DJ,1689163445
54,ciudad insurgentes,25.2625,-111.7753,298.65,74,99,4.35,MX,1689163447
55,barbacoas,1.6715,-78.1398,296.97,93,70,1.14,CO,1689163448
56,jiuquan,39.7432,98.5174,295.51,35,99,5.49,CN,1689163450
57,sao gabriel da cachoeira,-0.1303,-67.0892,297.11,89,32,0.83,BR,1689163452
58,albany,42.6001,-73.9662,296.28,86,50,1.09,US,1689163446
59,maceio,-9.6658,-35.7353,296.84,100,75,1.54,BR,1689163247
60,ilulissat,69.2167,-51.1,281.16,81,40,0.0,GL,1689163456
61,amahai,-3.3333,128.9167,300.93,92,95,3.42,ID,1689163458
62,alvear,-29.0968,-56.5504,288.87,97,100,4.39,AR,1689163459
63,hincesti,46.8258,28.5936,299.91,37,9,3.68,MD,1689163461
64,iqaluit,63.7506,-68.5145,282.0,100,100,6.71,CA,1689163359
65,olonkinbyen,70.9221,-8.7187,277.07,92,99,7.44,SJ,1689163464
66,kralendijk,12.15,-68.2667,303.14,74,75,5.14,BQ,1689163465
67,sault ste. marie,46.5168,-84.3333,286.31,93,0,2.57,CA,1689163252
68,ulan bator,47.9077,106.8832,293.22,64,40,3.0,MN,1689163468
69,colonia,50.9333,6.95,299.79,48,0,5.66,DE,1689163470
70,vilyuchinsk,52.9306,158.4028,285.3,79,17,3.84,RU,1689163472
71,adelia maria,-33.6315,-64.021,279.62,94,100,3.13,AR,1689163473
72,bunia,1.5667,30.25,301.22,41,8,3.06,CD,1689163475
73,champerico,14.3,-91.9167,297.45,86,95,3.34,GT,1689163477
74,san antonio de pale,-1.4014,5.6325,296.5,88,92,5.32,GQ,1689163478
75,adamstown,-25.066,-130.1015,294.23,66,50,3.68,PN,1689163480
76,sao vicente,-23.9631,-46.3919,296.25,94,40,0.51,BR,1689163405
77,vorgashor,67.5833,63.95,288.31,49,8,3.83,RU,1689163483
78,severo-yeniseyskiy,60.3725,93.0408,291.1,41,6,2.64,RU,1689163485
79,georgetown,5.4112,100.3354,303.14,74,20,1.03,MY,1689163300
80,kirakira,-10.4544,161.9205,297.75,83,100,4.6,SB,1689163488
81,kavalerovo,44.2661,135.0572,289.66,98,100,0.67,RU,1689163489
82,antalaha,-14.9003,50.2788,297.46,75,2,8.16,MG,1689163212
83,geraldton,-28.7667,114.6,283.38,93,0,0.0,AU,1689163493
84,punta arenas,-53.15,-70.9167,274.21,93,100,6.17,CL,1689163199
85,kayyerkan,69.3786,87.7439,278.87,86,100,8.66,RU,1689163496
86,lebu,-37.6167,-73.65,281.77,68,100,3.64,CL,1689163499
87,flying fish cove,-10.4217,105.6791,297.97,83,75,5.66,CX,1689163500
88,christchurch,-43.5333,172.6333,274.53,100,79,0.51,NZ,1689163436
89,kodiak,57.79,-152.4072,284.88,87,100,4.12,US,1689163507
90,taoudenni,22.6783,-3.9836,319.07,6,0,3.89,ML,1689163510
91,tiksi,71.6872,128.8694,276.77,96,100,3.22,RU,1689163512
92,port alfred,-33.5906,26.891,292.14,57,0,1.34,ZA,1689163513
93,lazaro cardenas,17.9583,-102.2,298.39,91,93,3.39,MX,1689163508
94,yuzhno-kurilsk,44.0306,145.8556,287.92,99,100,1.78,RU,1689163518
95,mareeba,-17.0,145.4333,292.55,88,39,1.07,AU,1689163520
96,isafjordur,66.0755,-23.124,285.17,47,0,4.12,IS,1689163522
97,sao joao da barra,-21.6403,-41.0511,297.2,83,26,2.88,BR,1689163523
98,kristiansund,63.1115,7.732,297.18,56,40,5.14,NO,1689163528
99,atafu village,-8.5421,-172.5159,301.66,74,99,5.75,TK,1689163536
100,dudinka,69.4058,86.1778,279.05,53,100,8.58,RU,1689163537
101,hereford,52.0568,-2.7148,293.26,78,79,0.45,GB,1689163540
102,banda aceh,5.5577,95.3222,300.93,77,47,3.7,ID,1689163542
103,kingston,17.997,-76.7936,301.68,79,20,2.06,JM,1689163543
104,el tocuyo,9.7873,-69.7937,296.85,80,50,2.19,VE,1689163547
105,uliastay,47.7417,96.8444,285.79,81,100,1.07,MN,1689163550
106,petauke,-14.2426,31.3253,293.14,40,46,4.89,ZM,1689163553
107,margaret river,-33.95,115.0667,290.01,79,99,10.42,AU,1689163554
108,puerto ayora,-0.7393,-90.3518,298.46,93,48,4.02,EC,1689163556
109,shakawe,-18.3667,21.85,293.37,26,0,4.87,BW,1689163557
110,tazovsky,67.4667,78.7,282.02,46,39,6.4,RU,1689163559
111,pizarro,4.9533,-77.366,298.69,85,71,1.75,CO,1689163561
112,kushiro,42.975,144.3747,292.68,100,75,3.09,JP,1689163563
113,masuguru,-11.3667,38.4167,304.88,26,4,4.24,TZ,1689163565
114,francistown,-21.17,27.5079,287.47,49,92,8.42,BW,1689163567
115,alofi,-19.0595,-169.9187,296.09,100,72,2.06,NU,1689163568
116,nantucket,41.2835,-70.0995,298.71,82,0,4.12,US,1689163570
117,nova sintra,14.8667,-24.7167,294.55,75,98,4.57,CV,1689163571
118,petropavlovsk-kamchatsky,53.0452,158.6483,284.48,76,0,2.0,RU,1689163574
119,college,64.8569,-147.8028,287.36,89,75,2.57,US,1689163576
120,saint-ave,47.6833,-2.75,294.76,56,75,3.6,FR,1689163578
121,ust-nera,64.5667,143.2,292.91,58,56,2.55,RU,1689163580
122,talnakh,69.4865,88.3972,278.82,63,100,8.52,RU,1689163581
123,santa ana de yacuma,-13.75,-65.4333,295.12,94,10,2.06,BO,1689163583
124,solvang,34.5958,-120.1377,286.18,100,0,0.0,US,1689163585
125,aasiaat,68.7098,-52.8699,277.22,97,98,3.48,GL,1689163587
126,bredasdorp,-34.5322,20.0403,289.63,52,0,1.78,ZA,1689163588
127,malanville,11.8685,3.3899,307.79,42,87,2.73,BJ,1689163589
128,bam,29.106,58.357,313.68,4,0,7.53,IR,1689163591
129,zimovniki,47.1483,42.4633,292.64,70,81,3.24,RU,1689163592
130,chamical,-30.36,-66.314,281.98,82,58,0.95,AR,1689163595
131,cidade velha,14.9167,-23.6167,302.41,61,75,6.17,CV,1689163597
132,walvis bay,-22.9575,14.5053,298.56,22,0,7.65,NA,1689163601
133,mokhsogollokh,61.4681,128.9203,292.94,87,92,1.62,RU,1689163603
134,nizhniy kuranakh,58.8353,125.4869,290.9,91,86,1.31,RU,1689163336
135,tangalle,6.024,80.7911,304.24,73,55,6.88,LK,1689163607
136,labytnangi,66.6572,66.4183,292.72,39,91,2.24,RU,1689163431
137,broken hill,-31.95,141.4333,282.25,60,1,0.26,AU,1689163610
138,lihue,21.9789,-159.3672,298.92,79,100,8.23,US,1689163612
139,murzuq,25.9155,13.9184,308.19,15,1,3.7,LY,1689163613
140,eenhana,-17.4667,16.3333,293.4,13,0,5.01,NA,1689163615
141,hilo,19.7297,-155.09,299.42,86,100,2.24,US,1689163616
142,iskateley,67.6803,53.1512,287.42,53,94,6.22,RU,1689163618
143,mil'kovo,55.6078,37.7956,288.48,48,100,5.24,RU,1689163619
144,susuman,62.7833,148.1667,288.04,58,13,4.03,RU,1689163622
145,miyako,39.6367,141.9525,295.69,81,100,2.02,JP,1689163623
146,bamboo flat,11.7,92.7167,301.51,79,75,5.51,IN,1689163625
147,ancud,-41.8697,-73.8203,276.04,87,12,1.27,CL,1689163627
148,avarua,-21.2078,-159.775,297.18,88,70,2.57,CK,1689163629
149,tottori,35.5,134.2333,299.19,89,75,5.14,JP,1689163630
150,nadym,65.5333,72.5167,290.94,44,99,2.03,RU,1689163631
151,jinchang,38.4953,102.1739,287.5,80,100,2.79,CN,1689163633
152,vorkuta,67.5,64.0,288.74,49,6,3.97,RU,1689163635
153,khamharia,20.9833,82.2667,303.7,63,94,2.59,IN,1689163636
154,thompson,55.7435,-97.8558,286.93,70,92,2.41,CA,1689163646
155,sweetwater,25.7634,-80.3731,304.83,81,40,0.45,US,1689163648
156,tsiombe,-25.3,45.4833,293.5,46,73,6.14,MG,1689163651
157,chui,-33.6971,-53.4616,285.98,69,89,6.69,UY,1689163653
158,greenville,35.6127,-77.3663,297.66,94,0,0.0,US,1689163650
159,cuatro cienegas de carranza,26.9833,-102.0833,301.01,55,38,1.88,MX,1689163658
160,santo augusto,-27.8508,-53.7772,291.94,87,91,4.08,BR,1689163659
161,shahr-e babak,30.1165,55.1186,309.53,5,0,9.24,IR,1689163661
162,chabahar,25.2919,60.643,303.61,74,18,7.0,IR,1689163662
163,taro,-8.3862,115.28,295.15,95,83,0.61,ID,1689163663
164,oranjemund,-28.55,16.4333,295.85,21,18,9.43,NA,1689163665
165,poronaysk,49.2167,143.1167,285.16,87,100,2.01,RU,1689163667
166,akureyri,65.6835,-18.0878,280.11,76,20,7.2,IS,1689163571
167,yeniseysk,58.4497,92.1703,295.22,44,7,2.42,RU,1689163670
168,glace bay,46.1969,-59.957,291.36,98,100,6.17,CA,1689163672
169,mitu,1.1983,-70.1733,295.63,97,47,0.7,CO,1689163674
170,north bend,43.4065,-124.2243,288.63,94,100,2.57,US,1689163676
171,saint-georges,12.0564,-61.7485,300.81,79,98,6.77,GD,1689163679
172,st. john's,47.5649,-52.7093,288.03,98,100,4.63,CA,1689163541
173,gargalianoi,37.0667,21.6333,305.01,56,0,4.17,GR,1689163682
174,qaqortoq,60.7167,-46.0333,282.98,79,34,2.19,GL,1689163685
175,pontes e lacerda,-15.2261,-59.3353,296.25,47,4,1.57,BR,1689163666
176,wailua homesteads,22.0669,-159.378,298.59,84,100,8.23,US,1689163689
177,myskhako,44.6714,37.7433,298.05,57,54,5.14,RU,1689163690
178,hermanus,-34.4187,19.2345,290.24,51,0,1.75,ZA,1689163691
179,rio grande,-32.035,-52.0986,289.21,84,100,10.23,BR,1689163693
180,new norfolk,-42.7826,147.0587,288.87,77,65,4.57,AU,1689163694
181,bedele,8.456,36.353,293.33,76,69,1.06,ET,1689163696
182,cockburn town,21.4612,-71.1419,301.48,79,15,7.03,TC,1689163544
183,velikiy ustyug,60.7644,46.3106,296.68,67,100,0.46,RU,1689163699
184,machico,32.7,-16.7667,301.32,68,20,7.2,PT,1689163494
185,portland,45.5234,-122.6762,289.68,83,75,3.09,US,1689163703
186,naze,28.3667,129.4833,300.66,84,91,4.16,JP,1689163517
187,sao miguel do araguaia,-13.275,-50.1628,302.16,40,0,1.48,BR,1689163707
188,khovd,48.0056,91.6419,293.85,43,74,1.69,MN,1689163709
189,labrador city,52.9463,-66.9114,288.1,94,100,2.06,CA,1689163711
190,heber city,40.5069,-111.4132,293.09,50,10,1.08,US,1689163712
191,kargopol',61.5071,38.9456,282.74,98,100,4.3,RU,1689163713
192,uturoa,-16.7333,-151.4333,299.61,75,6,10.46,PF,1689163715
193,richards bay,-28.783,32.0377,292.0,66,72,0.82,ZA,1689163716
194,shelomi,33.0747,35.1461,313.48,54,0,5.24,IL,1689163718
195,itoman,26.1247,127.6694,303.16,79,20,4.12,JP,1689163720
196,fort bragg,35.139,-79.006,300.27,84,40,1.54,US,1689163700
197,el nido,11.1858,119.3956,300.48,83,100,3.44,PH,1689163723
198,harper,4.375,-7.7169,299.05,83,89,4.46,LR,1689163727
199,dynow,49.8151,22.2339,303.05,48,74,5.36,PL,1689163728
200,ta`u,-14.2336,-169.5144,300.39,82,77,6.57,AS,1689163731
201,ulsteinvik,62.3432,5.8487,292.58,70,76,0.89,NO,1689163732
202,gorontalo,0.5412,123.0595,298.0,89,88,0.68,ID,1689163734
203,kailua-kona,19.6406,-155.9956,297.13,85,0,4.12,US,1689163735
204,hit,33.6416,42.8251,314.8,7,0,9.14,IQ,1689163736
205,okhotsk,59.3833,143.3,284.84,92,8,3.19,RU,1689163738
206,praia da vitoria,38.7333,-27.0667,296.29,94,75,12.71,PT,1689163739
207,weno,7.4515,151.8468,300.12,89,100,1.54,FM,1689163741
208,cuamba,-14.8031,36.5372,294.03,57,81,5.96,MZ,1689163743
209,yeghegnadzor,39.7639,45.3324,301.91,28,0,3.16,AM,1689163749
210,bikenibeu village,1.3673,173.1241,302.13,74,75,3.09,KI,1689163751
211,sinop,41.7711,34.8709,298.39,48,26,3.1,TR,1689163753
212,stanley,54.868,-1.6985,293.03,70,40,7.72,GB,1689163573
213,dindori,22.95,81.0833,301.18,75,99,3.08,IN,1689163756
214,dinkelsbuhl,49.0694,10.3199,302.21,40,84,6.38,DE,1689163761
215,klaksvik,62.2266,-6.589,284.66,98,100,7.94,FO,1689163762
216,olyokminsk,60.3736,120.4264,290.96,78,100,1.75,RU,1689163763
217,radzymin,52.4159,21.1841,306.03,28,80,3.5,PL,1689163764
218,klyuchi,52.2667,79.1667,311.26,18,12,2.33,RU,1689163769
219,markovo,57.3206,107.0881,289.27,85,71,1.09,RU,1689163775
220,chipinge,-20.1883,32.6236,286.8,62,58,3.77,ZW,1689163777
221,demba,-5.51,22.2667,309.31,18,5,2.22,CD,1689163778
222,camacupa,-12.0167,17.4833,295.71,13,0,2.32,AO,1689163779
223,tavricheskoye,54.5851,73.6395,312.1,19,9,2.24,RU,1689163781
224,lompoc,34.6391,-120.4579,284.23,95,3,2.29,US,1689163782
225,pisco,-13.7,-76.2167,289.27,88,46,2.06,PE,1689163784
226,itacarambi,-15.1022,-44.0919,299.82,38,0,1.69,BR,1689163785
227,taltal,-25.4,-70.4833,288.63,57,0,0.55,CL,1689163787
228,vadso,70.0744,29.7487,300.64,38,0,3.09,NO,1689163788
229,dhidhdhoo,6.8833,73.1,301.4,75,73,5.12,MV,1689163790
230,roha,18.4333,73.1167,298.81,89,100,1.23,IN,1689163791
231,road town,18.4167,-64.6167,302.17,74,75,5.66,VG,1689163654
232,young,-32.6833,-57.6333,283.89,73,93,7.39,UY,1689163542
233,dawson creek,55.7666,-120.2362,284.92,81,15,1.29,CA,1689163769
234,jabat,7.75,168.9751,301.31,81,15,6.91,MH,1689163796
235,emerald,-23.5333,148.1667,287.23,57,7,3.87,AU,1689163798
236,constantia,44.1833,28.65,301.53,56,3,4.44,RO,1689163537
237,el porvenir,13.7617,-87.3458,297.78,84,93,2.66,HN,1689163801
238,tymovskoye,50.8456,142.655,286.99,90,99,2.11,RU,1689163804
239,val-d'or,48.1002,-77.7828,287.15,68,74,2.42,CA,1689163815
240,charters towers,-20.1,146.2667,291.8,62,68,6.93,AU,1689163818
241,kyren,51.6828,102.1408,295.06,71,24,2.15,RU,1689163820
242,limon,10.0,-83.0333,297.62,82,91,1.32,CR,1689163821
243,enewetak,11.3474,162.3373,301.82,78,1,7.43,MH,1689163822
244,saint-pierre,-21.3393,55.4781,297.97,57,0,3.6,RE,1689163824
245,puerto baquerizo moreno,-0.9,-89.6,298.18,81,88,6.66,EC,1689163825
246,chemolgan,43.1897,76.5292,305.96,16,0,2.18,KZ,1689163827
247,lorengau,-2.0226,147.2712,299.18,88,100,4.5,PG,1689163828
248,west island,-12.1568,96.8225,299.14,94,100,7.2,CC,1689163829
249,sheikhpura,25.15,85.85,309.46,44,93,1.39,IN,1689163831
250,midland,31.9974,-102.0779,302.52,55,0,4.92,US,1689163614
251,kulhudhuffushi,6.6221,73.07,301.34,75,78,4.99,MV,1689163834
252,utrik,11.2278,169.8474,301.25,81,36,6.83,MH,1689163835
253,fukuecho,32.6881,128.8419,299.8,89,50,7.46,JP,1689163836
254,bayanhongor,46.7167,100.1167,281.8,87,100,2.1,MN,1689163838
255,horqueta,-23.3428,-57.0597,297.67,43,73,3.19,PY,1689163839
256,santa elena de uairen,4.6167,-61.1333,295.4,72,15,1.07,VE,1689163842
257,aldama,22.9167,-98.0667,299.54,95,11,0.84,MX,1689163843
258,nuku'alofa,-21.1333,-175.2,295.2,76,100,6.71,TO,1689163845
259,ceeldheer,3.8488,47.1806,303.14,56,85,12.68,SO,1689163846
260,berezovyy,51.6667,135.7,293.21,57,63,1.78,RU,1689163848
261,barabai,-2.5833,115.3833,298.63,82,93,1.16,ID,1689163850
262,midvagur,62.0511,-7.1939,284.61,93,100,11.32,FO,1689163851
263,arkhangel'sk,64.5401,40.5433,285.5,84,100,5.28,RU,1689163852
264,tralee,52.2704,-9.7026,288.29,94,100,5.14,IE,1689163855
265,fortuna,40.5982,-124.1573,287.55,95,100,1.54,US,1689163856
266,alo,7.4178,6.7371,301.44,80,100,2.71,NG,1689163858
267,qazigund,33.6333,75.15,301.01,47,8,1.85,IN,1689163859
268,peravurani,10.3,79.1833,302.19,75,100,6.6,IN,1689163861
269,freetown,8.484,-13.2299,300.26,76,99,3.29,SL,1689163848
270,alice springs,-23.7,133.8833,280.9,66,0,3.95,AU,1689163863
271,villa de soto,-30.8552,-64.9995,281.71,80,100,6.45,AR,1689163866
272,sitka,57.0531,-135.33,284.09,76,100,0.0,US,1689163867
273,suva,-18.1416,178.4415,295.86,73,75,0.0,FJ,1689163583
274,zhangjiakou shi xuanhua qu,40.6103,115.0447,294.63,96,100,2.14,CN,1689163869
275,alesund,62.4723,6.1549,292.59,68,0,3.6,NO,1689163871
276,piney green,34.716,-77.3202,300.88,93,0,3.09,US,1689163873
277,rio claro,-22.4114,-47.5614,295.04,71,11,1.68,BR,1689163795
278,huarmey,-10.0681,-78.1522,293.22,85,76,4.12,PE,1689163876
279,margate,51.3813,1.3862,294.09,67,24,6.26,GB,1689163878
280,swakopmund,-22.6833,14.5333,296.11,31,0,5.73,NA,1689163880
281,aykhal,66.0,111.5,286.1,54,63,4.32,RU,1689163881
282,montrose,38.4166,-108.2673,286.78,61,61,1.73,US,1689163883
283,akrehamn,59.2667,5.1833,292.04,77,40,7.2,NO,1689163884
284,crane,31.3974,-102.3501,301.62,46,46,7.54,US,1689163885
285,arno,60.1167,18.6333,290.81,54,78,7.45,SE,1689163887
286,hammerfest,70.6634,23.6821,299.4,34,0,5.14,NO,1689163889
287,tamanrasset,22.785,5.5228,309.1,10,0,7.2,DZ,1689163890
288,butembo,0.15,29.2833,298.58,38,17,1.86,CD,1689163891
289,ginir,7.1333,40.7,296.08,50,74,4.2,ET,1689163892
290,ballina,-28.8667,153.5667,287.47,67,45,2.24,AU,1689163894
291,luderitz,-26.6481,15.1594,297.99,24,0,6.92,NA,1689163895
292,kluang,2.0251,103.3328,301.47,90,35,1.1,MY,1689163896
293,port pirie,-33.1833,138.0167,284.4,61,0,3.33,AU,1689163898
294,gadzhiyevo,69.2551,33.3362,296.26,42,5,3.21,RU,1689163899
295,gambat,27.3515,68.5205,315.2,16,82,6.12,PK,1689163900
296,tidjikja,18.5564,-11.4271,308.87,31,10,4.77,MR,1689163901
297,stephenville,32.2207,-98.2023,301.41,74,40,3.09,US,1689163904
298,irymple,-34.25,142.1667,283.52,58,35,3.97,AU,1689163905
299,akjoujt,19.6969,-14.4164,308.35,30,99,4.21,MR,1689163907
300,gurghiu,46.7667,24.85,302.41,48,4,2.09,RO,1689163908
301,haiku-pauwela,20.9219,-156.3051,298.17,77,0,3.13,US,1689163909
302,guatrache,-37.6678,-63.5302,278.29,92,100,4.14,AR,1689163915
303,san patricio,28.017,-97.5169,301.96,89,42,5.08,US,1689163917
304,belomorsk,64.5232,34.7668,289.0,45,100,5.97,RU,1689163918
305,yanggu,36.1106,115.7753,298.04,93,100,2.71,CN,1689163921
306,viedma,-40.8135,-62.9967,278.16,79,100,3.01,AR,1689163871
307,malakal,9.5334,31.6605,305.31,45,91,2.59,SS,1689163923
308,kainantu,-6.2887,145.8655,287.86,97,74,1.24,PG,1689163925
309,villa la angostura,-40.7617,-71.6463,273.11,96,91,1.1,AR,1689163926
310,aghajari,30.7006,49.8315,319.68,6,0,7.08,IR,1689163928
311,polyarnyy,69.1989,33.4478,295.83,44,6,2.71,RU,1689163929
312,chonchi,-42.6128,-73.8092,272.71,92,14,0.8,CL,1689163930
313,grantsville,40.5999,-112.4644,294.58,44,0,3.6,US,1689163932
314,presov,49.1667,21.25,299.77,51,63,6.36,SK,1689163937
315,babu,24.4167,111.5167,301.49,78,59,1.24,CN,1689163942
316,vangaindrano,-23.35,47.6,293.87,61,78,6.93,MG,1689163945
317,hadibu,12.65,54.0333,300.92,69,60,9.72,YE,1689163947
318,nalut,30.3333,10.85,308.52,11,0,6.16,LY,1689163949
319,xining,36.6167,101.7667,286.73,93,100,1.07,CN,1689163950
320,krasnoslobodsk,48.7072,44.5714,299.05,33,0,9.0,RU,1689163952
321,zag,46.9441,99.165,282.78,84,100,4.04,MN,1689163953
322,keflavik,64.0049,-22.5624,287.1,50,0,6.69,IS,1689163954
323,hualien city,23.9769,121.6044,301.34,86,89,1.19,TW,1689163956
324,medina estates,5.6823,-0.1641,299.13,89,100,0.51,GH,1689163958
325,al bawiti,28.3492,28.8659,309.6,15,0,4.93,EG,1689163959
326,port hedland,-20.3167,118.5667,295.18,60,0,2.06,AU,1689163869
327,ghat,24.9647,10.1728,309.55,10,0,7.26,LY,1689163962
328,bonito,-21.1211,-56.4819,295.29,46,3,3.17,BR,1689163666
329,afaahiti,-17.75,-149.2833,297.08,75,29,10.07,PF,1689163965
330,montepuez,-13.1256,38.9997,300.96,32,5,5.41,MZ,1689163966
331,roma,43.2128,-75.4557,295.9,88,100,1.54,US,1689163963
332,solnechnyy,50.7214,136.6319,292.55,40,100,1.26,RU,1689163971
333,tevriz,57.509,72.4042,308.96,27,100,1.9,RU,1689163973
334,constitucion,-35.3333,-72.4167,283.03,87,81,3.86,CL,1689163974
335,kargasok,59.0556,80.8572,296.38,38,51,0.63,RU,1689163976
336,alagon,41.7696,-1.1191,300.28,44,40,5.66,ES,1689163977
337,remire-montjoly,4.9167,-52.2667,299.17,89,100,1.54,GF,1689163978
338,cudillero,43.5622,-6.1459,295.99,90,100,2.57,ES,1689163980
339,agat village,13.3886,144.6585,301.67,91,20,2.57,GU,1689163981
340,kagoro,9.6,8.3833,300.96,63,69,2.38,NG,1689163982
341,jinja,0.439,33.2032,299.43,49,11,3.89,UG,1689163984
342,bozdogan,37.6713,28.314,307.49,25,0,4.66,TR,1689163985
343,manaus,-3.1019,-60.025,301.42,69,0,3.09,BR,1689163981
344,piacabucu,-10.4056,-36.4344,299.35,71,13,3.37,BR,1689163930
345,kruisfontein,-34.0033,24.7314,292.53,40,0,3.06,ZA,1689163989
346,coxen hole,16.3244,-86.5366,303.35,79,75,7.72,HN,1689163990
347,phaltan,17.9833,74.4333,300.56,58,100,5.14,IN,1689163992
348,piti village,13.4626,144.6933,301.64,91,20,2.57,GU,1689163993
349,chibougamau,49.9168,-74.3659,288.94,67,75,2.06,CA,1689163995
350,hatillo,18.4863,-66.8254,303.26,89,93,3.13,PR,1689164007
351,buka,40.8108,69.1986,316.56,6,0,6.17,UZ,1689164009
352,ji'an,27.1172,114.9793,304.92,50,76,3.59,CN,1689164010
353,sola,-13.8833,167.55,297.84,65,100,11.9,VU,1689164011
354,zhuanghe,39.7008,122.9911,295.72,90,100,0.62,CN,1689164013
355,aoulef,26.9667,1.0833,318.05,7,0,8.19,DZ,1689164017
356,lubumbashi,-11.6609,27.4794,296.7,31,0,3.94,CD,1689164018
357,"poblacion, san felipe",14.5665,121.0308,299.3,97,100,1.54,PH,1689164019
358,rabo de peixe,37.8,-25.5833,295.88,88,75,6.69,PT,1689164021
359,khamis mushait,18.3064,42.7292,305.73,9,40,7.2,SA,1689164022
360,tolanaro,-25.0319,46.9987,293.02,60,88,4.01,MG,1689164025
361,la foa,-21.7108,165.8276,290.3,66,7,3.2,NC,1689164026
362,hwange,-18.3693,26.5019,295.43,26,11,3.85,ZW,1689164028
363,union de san antonio,21.1,-101.9667,288.21,91,6,1.33,MX,1689164029
364,quepos,9.4236,-84.1652,298.82,81,65,1.93,CR,1689164030
365,el bordo,2.117,-76.9821,292.43,82,3,0.6,CO,1689164032
366,warman,52.3168,-106.5679,285.98,87,40,1.54,CA,1689164033
367,korla,41.7597,86.1469,302.89,27,0,4.05,CN,1689164035
368,xique xique,-10.8217,-42.7311,298.58,57,9,6.36,BR,1689164036
369,yarmouth,41.7057,-70.2286,300.18,78,0,2.24,US,1689164037
370,truro,50.2653,-5.0544,293.62,81,75,8.23,GB,1689164038
371,villanueva de cordoba,38.3228,-4.6287,309.02,11,45,4.7,ES,1689164040
372,coahuayana de hidalgo,18.7,-103.6583,297.41,89,92,2.19,MX,1689164041
373,egilsstadir,65.2653,-14.3948,281.1,81,100,7.72,IS,1689163941
374,eureka,40.8021,-124.1637,287.7,92,91,0.45,US,1689163855
375,monrovia,6.3005,-10.7969,300.02,85,99,3.89,LR,1689163856
376,kincardine,56.0667,-3.7167,293.62,66,51,3.79,GB,1689164049
377,kolonia,50.9333,6.95,300.14,47,0,5.66,DE,1689164050
378,archangelos,36.2149,28.1149,305.14,37,0,3.48,GR,1689164052
379,pocone,-16.2567,-56.6228,300.71,29,6,3.75,BR,1689164053
380,naval,11.5606,124.3975,300.53,84,100,4.66,PH,1689164056
381,valdivia,-39.8142,-73.2459,278.04,98,98,0.67,CL,1689163899
382,las lomitas,-24.7096,-60.593,293.26,96,89,1.47,AR,1689164059
383,tinogasta,-28.0632,-67.5649,279.74,68,0,0.59,AR,1689163845
384,prairie du chien,43.0517,-91.1412,291.2,68,0,3.09,US,1689163795
385,yaren,-0.5472,166.916,301.67,75,26,4.3,NR,1689164062
386,karor,31.2274,70.9492,316.31,22,0,3.2,PK,1689164064
387,rehoboth,-23.3167,17.0833,290.36,22,0,11.74,NA,1689164066
388,isangel,-19.55,169.2667,294.35,72,93,7.49,VU,1689164067
389,luanda,-8.8368,13.2343,298.58,56,0,3.57,AO,1689164024
390,panama city beach,30.1766,-85.8055,301.47,91,40,1.54,US,1689163861
391,obiaruku,5.8467,6.1526,300.23,83,99,3.49,NG,1689164072
392,mogocha,53.7333,119.7667,292.29,77,94,1.2,RU,1689164073
393,grand-bassam,5.2118,-3.7388,300.13,84,91,4.05,CI,1689164075
394,hun,29.1268,15.9477,306.49,19,0,3.45,LY,1689164077
395,bubaque,11.2833,-15.8333,300.08,77,100,2.44,GW,1689164079
396,east london,-33.0153,27.9116,292.67,52,0,1.54,ZA,1689164081
397,inhambane,-23.865,35.3833,295.14,60,40,6.69,MZ,1689164082
398,jakar,27.5492,90.7525,289.91,99,99,1.46,BT,1689164084
399,palmer,42.1584,-72.3287,297.87,83,20,0.0,US,1689164022
400,knyaze-volkonskoye,48.4642,135.4567,293.31,77,100,3.85,RU,1689164087
401,kinkala,-4.3614,14.7644,306.66,19,0,2.88,CG,1689164089
402,gazojak,41.1875,61.4036,318.17,7,1,6.0,TM,1689164090
403,kurakhovo,47.9852,37.2821,293.72,54,100,2.94,UA,1689164091
404,broome,42.2506,-75.833,295.58,78,46,0.45,US,1689164093
405,vila velha,-20.3297,-40.2925,297.56,86,0,1.54,BR,1689164099
406,al qadarif,14.0349,35.3834,307.07,35,42,3.25,SD,1689164100
407,pratapgarh,24.0333,74.7833,300.99,76,96,5.73,IN,1689164102
408,prineville,44.2999,-120.8345,287.84,78,32,0.31,US,1689164104
409,strathmore,51.0501,-113.3852,287.23,94,51,2.68,CA,1689164106
410,nuuk,64.1835,-51.7216,290.49,72,20,5.66,GL,1689164107
411,aripuana,-9.1667,-60.6333,297.27,56,0,0.42,BR,1689164108
412,kavaratti,10.5669,72.642,301.61,78,48,8.04,IN,1689164110
413,kalmunai,7.4167,81.8167,302.69,71,80,6.44,LK,1689164111
414,camocim,-2.9022,-40.8411,301.74,61,5,5.53,BR,1689164112
415,caleta de carquin,-11.0925,-77.6267,292.57,83,65,4.04,PE,1689164114
416,carnarvon,-24.8667,113.6333,291.62,69,0,7.19,AU,1689164116
417,ploneour-lanvern,47.9,-4.2833,292.33,68,75,5.66,FR,1689164117
418,amlame,7.4667,0.9,297.22,89,100,0.61,TG,1689164119
419,manokwari,-0.8667,134.0833,299.2,82,67,2.0,ID,1689164124
420,howard springs,-12.497,131.047,298.1,83,15,1.89,AU,1689164127
421,cabo san lucas,22.8909,-109.9124,301.21,82,95,0.45,MX,1689164129
422,kasba tadla,32.5977,-6.2684,313.21,8,0,3.52,MA,1689164131
423,madison,34.7334,-86.5667,296.19,82,40,2.68,US,1689164001
424,impfondo,1.6381,18.0667,309.35,37,71,0.8,CG,1689164134
425,kerman,30.2832,57.0788,310.07,6,0,5.14,IR,1689164135
426,lakatoro,-16.0999,167.4164,296.24,78,89,7.6,VU,1689164136
427,tocopilla,-22.092,-70.1979,290.18,57,1,2.31,CL,1689164138
428,westport,41.1415,-73.3579,300.92,75,0,1.54,US,1689164139
429,de aar,-30.6497,24.0123,287.71,21,0,3.9,ZA,1689164140
430,orlov,58.5395,48.8917,287.28,97,100,3.59,RU,1689164142
431,laojunmiao,39.8333,97.7333,291.83,39,99,7.14,CN,1689164143
432,tabou,4.423,-7.3528,298.82,85,92,4.12,CI,1689164146
433,acarau,-2.8856,-40.12,301.36,65,3,7.81,BR,1689164147
434,yoichi,43.2039,140.7703,293.82,94,91,1.96,JP,1689164149
435,fale old settlement,-9.3852,-171.2468,301.76,77,68,6.14,TK,1689164150
436,ain leuh,33.2921,-5.3384,309.63,9,12,5.46,MA,1689164152
437,ola,59.5833,151.2833,286.01,92,15,2.57,RU,1689164154
438,sisimiut,66.9395,-53.6735,284.86,81,82,3.1,GL,1689164156
439,devin,41.7433,24.4,305.15,33,6,2.09,BG,1689164158
440,nahrin,36.0649,69.1334,308.26,10,0,5.6,AF,1689164159
441,rodino,52.5,80.25,310.37,20,4,2.75,RU,1689164161
442,san andres,12.5847,-81.7006,302.16,79,40,5.66,CO,1689164162
443,cabedelo,-6.9811,-34.8339,300.52,75,1,6.17,BR,1689164164
444,lake havasu city,34.4839,-114.3224,306.49,21,0,0.0,US,1689164038
445,vryburg,-26.9566,24.7284,290.8,22,0,3.7,ZA,1689164167
446,antofagasta,-23.65,-70.4,288.75,69,0,3.03,CL,1689164168
447,dinghaicun,26.2847,119.7936,301.66,90,22,7.01,CN,1689164170
448,bata,1.8639,9.7658,300.07,75,66,6.79,GQ,1689164172
449,miri,4.4148,114.0089,299.23,89,40,1.03,MY,1689164173
450,banur,30.5556,76.7183,302.73,65,65,3.18,IN,1689164175
451,arraial do cabo,-22.9661,-42.0278,295.13,94,75,1.54,BR,1689164176
452,linhares,-19.3911,-40.0722,298.39,61,3,2.73,BR,1689164179
453,santiago del estero,-27.7951,-64.2615,286.13,83,100,7.32,AR,1689164182
454,wangqing,43.3218,129.7634,293.76,75,33,1.29,CN,1689164183
455,kem',64.9555,34.5793,287.7,51,100,5.36,RU,1689164184
456,dorado,18.4588,-66.2677,302.99,85,75,6.69,PR,1689164027
457,qujing,25.4833,103.7833,293.05,84,69,3.79,CN,1689163921
458,steamboat springs,40.485,-106.8317,291.87,49,0,0.0,US,1689164119
459,international falls,48.6011,-93.411,282.25,93,0,2.06,US,1689164190
460,nemuro,43.3236,145.575,289.05,100,100,1.37,JP,1689164057
461,kimbe,-5.5502,150.1429,298.68,82,100,3.59,PG,1689164193
462,shinas,24.7433,56.4658,309.17,69,6,3.9,OM,1689164194
463,pahrump,36.2083,-115.9839,301.76,28,0,3.58,US,1689164196
464,acapulco de juarez,16.8634,-99.8901,301.05,89,75,0.0,MX,1689164197
465,montagu,-40.7667,144.9667,286.58,78,68,8.97,AU,1689164198
466,el calafate,-50.3408,-72.2768,265.54,84,61,0.59,AR,1689164200
467,miyazu,35.5333,135.1833,295.79,95,76,1.19,JP,1689164201
468,caxias do sul,-29.1681,-51.1794,288.99,95,100,5.14,BR,1689164203
469,port saint john's,-31.6229,29.5448,293.88,46,0,3.14,ZA,1689164204
470,vila franca do campo,37.7167,-25.4333,296.38,85,70,8.05,PT,1689164207
471,puerto deseado,-47.7503,-65.8938,276.39,80,95,4.26,AR,1689164208
472,tual,-5.6667,132.75,299.64,87,85,9.98,ID,1689164210
473,la passe,45.5549,-0.8967,296.28,69,100,3.4,FR,1689164211
474,realico,-35.0366,-64.2447,279.54,96,100,4.32,AR,1689164214
475,tazacorte,28.629,-17.9293,298.69,73,0,7.2,ES,1689164215
476,calvinia,-31.4707,19.776,289.2,23,0,4.11,ZA,1689164216
477,chulakkurgan,43.765,69.1814,312.42,9,0,4.85,KZ,1689164218
478,palikir - national government center,6.9248,158.1611,300.56,83,75,1.03,FM,1689164219
479,souillac,-20.5167,57.5167,297.36,73,40,1.54,MU,1689164222
480,cartagena del chaira,1.3349,-74.8429,294.49,99,55,0.32,CO,1689164223
481,vylkove,45.4021,29.586,300.81,41,2,1.88,UA,1689164224
482,saint-louis,16.3333,-15.0,306.81,44,62,1.04,SN,1689164226
483,riviere-du-loup,47.8304,-69.5342,292.3,88,71,3.09,CA,1689163979
484,kapuskasing,49.4169,-82.4331,285.2,87,20,2.57,CA,1689164054
485,vanimo,-2.6741,141.3028,299.54,88,93,4.04,PG,1689164230
486,jeddah,21.5169,39.2192,311.07,32,0,7.2,SA,1689164106
487,trairi,-3.2778,-39.2689,301.09,62,7,5.93,BR,1689164234
488,sarangani,5.4033,125.4636,301.23,78,100,7.86,PH,1689164235
489,yonggwang-up,40.0183,127.4547,294.54,93,98,1.04,KP,1689164237
490,minas de marcona,-15.2119,-75.1103,285.01,90,88,6.37,PE,1689164239
491,al-hamdaniya,36.2715,43.3737,313.38,10,0,4.35,IQ,1689164241
492,calabozo,8.9242,-67.4293,297.42,94,79,1.98,VE,1689164242
493,rongelap,11.1635,166.8941,301.63,78,31,6.86,MH,1689164246
494,fort st. john,56.2499,-120.8529,286.09,94,0,2.06,CA,1689164249
495,sechura,-5.5569,-80.8222,294.69,80,60,5.26,PE,1689164250
496,goshogawara,40.8044,140.4414,295.65,97,86,2.9,JP,1689164252
497,bardai,11.65,7.2333,305.48,40,85,2.61,NG,1689164253
498,karasu,41.071,30.7854,300.66,65,0,4.35,TR,1689164254
499,harstad,68.799,16.5293,296.81,52,54,8.05,NO,1689164256
500,shima,24.4478,117.8111,304.16,79,57,1.17,CN,1689164257
501,storozhevaya,43.8789,41.4514,292.08,72,72,1.36,RU,1689164259
502,tlahualilo de zaragoza,26.1167,-103.45,300.41,44,25,3.34,MX,1689164262
503,hankasalmi,62.3833,26.4333,298.1,27,17,3.19,FI,1689164263
504,kiunga,-6.1219,141.2906,296.79,99,95,1.98,PG,1689164265
505,karungdong,5.8844,121.263,300.46,83,100,3.62,PH,1689164266
506,touros,-5.1989,-35.4608,300.69,68,2,6.21,BR,1689164267
507,as sulayyil,20.4607,45.5779,317.29,8,12,4.22,SA,1689164270
508,beau vallon,-20.4189,57.6953,297.28,73,40,1.54,MU,1689164272
509,usinsk,65.9939,57.5281,290.92,44,100,6.68,RU,1689164273
510,ciudad sabinas hidalgo,26.5,-100.1667,297.89,81,16,1.42,MX,1689164064
511,xiongzhou,25.1167,114.3,302.48,65,4,1.39,CN,1689164278
512,savanna-la-mar,18.219,-78.1332,302.55,86,27,1.18,JM,1689164280
513,mount pearl,47.5166,-52.7813,288.13,98,100,3.6,CA,1689164281
514,enriquillo,17.9,-71.2333,300.97,64,5,5.15,DO,1689164282
515,angaur state,6.906,134.13,301.11,77,100,4.18,PW,1689164287
516,campos belos,-13.0367,-46.7717,300.45,32,45,2.62,BR,1689164288
517,port douglas,-16.4833,145.4667,295.8,80,84,7.46,AU,1689164291
518,shemonaikha,50.6328,81.9056,306.58,29,2,6.71,KZ,1689164292
519,atlantic city,39.3643,-74.4229,299.27,77,0,1.54,US,1689164249
520,padang,-0.9492,100.3543,297.18,88,78,1.11,ID,1689164294
521,rosetta,31.4044,30.4164,302.2,52,0,5.9,EG,1689164296
522,malihabad,26.9167,80.7167,304.1,55,98,1.84,IN,1689164297
523,howrah,22.5892,88.3103,303.15,89,75,3.09,IN,1689164005
524,haldwani,29.2167,79.5167,302.97,78,65,1.23,IN,1689164301
525,athni,16.7333,75.0667,301.54,51,100,8.63,IN,1689164303
526,narrabri,-30.3167,149.7833,283.44,74,0,0.45,AU,1689164304
527,duyun,26.2667,107.5167,297.06,93,85,3.43,CN,1689164307
528,bel ombre,-4.6167,55.4167,301.06,74,20,5.14,SC,1689164308
529,al kharijah,25.4514,30.5464,312.86,14,50,3.67,EG,1689164315
530,nampula,-15.1165,39.2666,292.12,88,75,6.69,MZ,1689164317
531,chhor,25.5167,69.7667,312.46,30,48,8.08,PK,1689164318
532,moama,-36.1167,144.7833,279.81,89,48,2.07,AU,1689164320
533,san rafael,-34.6177,-68.3301,276.13,89,100,1.73,AR,1689164321
534,pielavesi,63.2333,26.75,297.14,30,40,3.02,FI,1689164322
535,oroqen zizhiqi,50.5667,123.7167,293.61,53,96,1.73,CN,1689164324
536,sandnessjoen,66.0217,12.6316,295.21,49,75,5.14,NO,1689164326
537,nueva guinea,11.6876,-84.4562,296.53,97,98,2.84,NI,1689164327
538,chifeng,42.2683,118.9636,295.44,84,98,3.13,CN,1689164332
539,shimoda,34.6667,138.95,300.99,91,90,8.15,JP,1689164334
540,erenhot,43.6475,111.9767,294.32,76,100,4.11,CN,1689164337
541,hanceville,34.0607,-86.7675,297.1,82,83,1.09,US,1689164338
542,rothenburg,51.3333,14.9667,301.96,78,98,7.73,DE,1689164340
543,san ciro de acosta,21.6333,-99.8167,294.86,86,54,0.54,MX,1689164341
544,merizo village,13.2658,144.6691,301.46,95,100,4.21,GU,1689164342
545,machakos,-1.5167,37.2667,295.12,33,48,4.32,KE,1689164344
546,nova olinda do norte,-3.8881,-59.0942,300.69,67,5,1.46,BR,1689164346
547,floro,61.5996,5.0328,294.39,82,75,6.69,NO,1689164347
548,nar'yan-mar,67.6713,53.087,287.54,53,96,6.23,RU,1689164348
549,phan rang-thap cham,11.5667,108.9833,300.82,81,87,1.3,VN,1689164351
550,ko pha ngan,9.7578,100.0291,301.53,65,18,0.56,TH,1689164352
551,hami,42.8,93.45,304.22,15,47,6.11,CN,1689164354
552,ezhva,61.8128,50.7283,296.03,73,40,4.0,RU,1689164355
553,mejit,10.2753,170.8646,301.39,79,18,6.31,MH,1689164357
554,mahina,-17.5065,-149.489,298.02,73,75,3.6,PF,1689164358
555,minab,27.1467,57.0801,310.96,44,10,4.12,IR,1689164359
556,hobyo,5.3505,48.5268,301.43,68,31,13.83,SO,1689164361
557,santa ana,33.7456,-117.8678,297.62,80,0,1.54,US,1689164226
558,santo antonio do ica,-3.1022,-67.9397,297.21,92,14,0.64,BR,1689164363
559,tommot,58.9564,126.2925,291.76,93,63,1.26,RU,1689164365
560,orsa,54.5153,30.4053,292.96,45,47,4.13,BY,1689164366
561,mount isa,-20.7333,139.5,293.02,52,0,4.63,AU,1689164368
562,karratha,-20.7377,116.8463,295.16,56,0,2.8,AU,1689164369
563,saint-felix-de-valois,46.1668,-73.4324,293.84,89,63,2.68,CA,1689164370
564,umea,63.8284,20.2597,295.11,40,0,4.63,SE,1689164372
565,kayangel,8.0823,134.7173,301.43,76,100,6.66,PW,1689164373
566,kerikeri,-35.2268,173.9474,281.43,91,18,3.16,NZ,1689164375
567,dunedin,-45.8742,170.5036,279.71,70,97,4.92,NZ,1689164376
568,sao jose da coroa grande,-8.8978,-35.1478,298.86,78,9,3.83,BR,1689164378
569,tamandare,-8.7597,-35.1047,298.83,78,9,3.6,BR,1689164379
